product_id,product_name,aisle,department,vendidos
24852,Banana,fresh fruits,produce,18726
13176,Bag of Organic Bananas,fresh fruits,produce,15480
21137,Organic Strawberries,fresh fruits,produce,10894
21903,Organic Baby Spinach,packaged vegetables fruits,produce,9784
47626,Large Lemon,fresh fruits,produce,8135
47766,Organic Avocado,fresh fruits,produce,7409
47209,Organic Hass Avocado,fresh fruits,produce,7293
16797,Strawberries,fresh fruits,produce,6494
26209,Limes,fresh fruits,produce,6033
27966,Organic Raspberries,packaged vegetables fruits,produce,5546
39275,Organic Blueberries,packaged vegetables fruits,produce,4966
27845,Organic Whole Milk,milk,dairy eggs,4908
30391,Organic Cucumber,fresh vegetables,produce,4613
45007,Organic Zucchini,fresh vegetables,produce,4589
22935,Organic Yellow Onion,fresh vegetables,produce,4290
24964,Organic Garlic,fresh vegetables,produce,4158
4920,Seedless Red Grapes,packaged vegetables fruits,produce,4059
46979,Asparagus,fresh vegetables,produce,3868
40706,Organic Grape Tomatoes,packaged vegetables fruits,produce,3823
8518,Organic Red Onion,fresh vegetables,produce,3818
4605,Yellow Onions,fresh vegetables,produce,3762
42265,Organic Baby Carrots,packaged vegetables fruits,produce,3597
45066,Honeycrisp Apple,fresh fruits,produce,3551
31717,Organic Cilantro,fresh herbs,produce,3526
5876,Organic Lemon,fresh fruits,produce,3505
44632,Sparkling Water Grapefruit,water seltzer sparkling water,beverages,3359
43352,Raspberries,packaged produce,produce,3279
28204,Organic Fuji Apple,fresh fruits,produce,3257
5450,Small Hass Avocado,fresh fruits,produce,3103
8424,Broccoli Crown,fresh vegetables,produce,2932
21616,Organic Baby Arugula,packaged vegetables fruits,produce,2923
24184,Red Peppers,fresh vegetables,produce,2905
19057,Organic Large Extra Fancy Fuji Apple,fresh fruits,produce,2891
30489,Original Hummus,fresh dips tapenades,deli,2858
26604,Organic Blackberries,fresh fruits,produce,2843
37646,Organic Gala Apples,fresh fruits,produce,2809
27104,Fresh Cauliflower,fresh vegetables,produce,2651
49235,Organic Half & Half,cream,dairy eggs,2646
28985,Michigan Organic Kale,fresh vegetables,produce,2627
44359,Organic Small Bunch Celery,fresh vegetables,produce,2623
48679,Organic Garnet Sweet Potato (Yam),fresh vegetables,produce,2568
41950,Organic Tomato Cluster,fresh vegetables,produce,2538
21938,Green Bell Pepper,fresh vegetables,produce,2521
17794,Carrots,fresh vegetables,produce,2497
43961,Organic Peeled Whole Baby Carrots,packaged vegetables fruits,produce,2460
27086,Half & Half,cream,dairy eggs,2424
49683,Cucumber Kirby,fresh vegetables,produce,2413
34126,Organic Italian Parsley Bunch,fresh herbs,produce,2400
10749,Organic Red Bell Pepper,fresh vegetables,produce,2393
39877,Organic Granny Smith Apple,fresh fruits,produce,2337
37067,Organic Banana,fresh fruits,produce,2332
9076,Blueberries,frozen produce,frozen,2323
5077,100% Whole Wheat Bread,bread,bakery,2298
12341,Hass Avocados,packaged produce,produce,2276
8277,Apple Honeycrisp Organic,fresh fruits,produce,2252
34969,Red Vine Tomato,fresh vegetables,produce,2234
19660,Spring Water,water seltzer sparkling water,beverages,2225
35951,Organic Unsweetened Almond Milk,soy lactosefree,dairy eggs,2176
24838,Unsweetened Almondmilk,soy lactosefree,dairy eggs,2169
25890,Boneless Skinless Chicken Breasts,packaged poultry,meat seafood,2088
31506,Extra Virgin Olive Oil,oils vinegars,pantry,2068
46667,Organic Ginger Root,fresh vegetables,produce,2007
22035,Organic Whole String Cheese,packaged cheese,dairy eggs,1993
8174,Organic Navel Orange,fresh fruits,produce,1980
35221,Lime Sparkling Water,water seltzer sparkling water,beverages,1966
29487,Roma Tomato,fresh vegetables,produce,1953
28842,Bunched Cilantro,fresh herbs,produce,1920
34358,Garlic,fresh vegetables,produce,1920
20114,Jalapeno Peppers,fresh vegetables,produce,1899
11520,Large Alfresco Eggs,eggs,dairy eggs,1898
22825,Organic D'Anjou Pears,fresh fruits,produce,1893
39928,Organic Kiwi,fresh fruits,produce,1880
15290,Orange Bell Pepper,fresh vegetables,produce,1864
33198,Sparkling Natural Mineral Water,water seltzer sparkling water,beverages,1803
27344,Uncured Genoa Salami,lunch meat,deli,1788
18465,Organic Grade A Free Range Large Brown Eggs,eggs,dairy eggs,1767
27521,Organic Lacinato (Dinosaur) Kale,fresh vegetables,produce,1761
16759,Organic Carrot Bunch,fresh vegetables,produce,1742
33731,Grated Parmesan,packaged cheese,dairy eggs,1694
9839,Organic Broccoli,fresh vegetables,produce,1653
38739,Hass Avocado,fresh vegetables,produce,1633
27156,Organic Black Beans,canned meals beans,canned goods,1576
23909,2% Reduced Fat Milk,milk,dairy eggs,1540
5785,Organic Reduced Fat 2% Milk,milk,dairy eggs,1535
46906,Grape White/Green Seedless,fresh fruits,produce,1527
196,Soda,soft drinks,beverages,1507
11777,Red Raspberries,packaged vegetables fruits,produce,1493
28199,Clementines  Bag,packaged vegetables fruits,produce,1478
33000,Pure Irish Butter,butter,dairy eggs,1476
44142,Red Onion,fresh vegetables,produce,1468
47144,Unsweetened Original Almond Breeze Almond Milk,soy lactosefree,dairy eggs,1465
40604,Feta Cheese Crumbles,packaged cheese,dairy eggs,1449
5025,Green Onions,fresh vegetables,produce,1445
42736,Unsalted Butter,butter,dairy eggs,1435
21709,Sparkling Lemon Water,water seltzer sparkling water,beverages,1423
8193,Russet Potato,fresh vegetables,produce,1418
9387,Granny Smith Apples,fresh fruits,produce,1379
37687,Organic Spring Mix,packaged vegetables fruits,produce,1362
20995,Organic Broccoli Florets,frozen produce,frozen,1361
6184,Clementines,packaged produce,produce,1351
34243,Organic Baby Broccoli,fresh vegetables,produce,1351
7781,Organic Sticks Low Moisture Part Skim Mozzarella String Cheese,packaged cheese,dairy eggs,1342
4210,Whole Milk,milk,dairy eggs,1335
4799,Shredded Parmesan,packaged cheese,dairy eggs,1324
3957,100% Raw Coconut Water,refrigerated,beverages,1298
31553,Fresh Ginger Root,fresh vegetables,produce,1284
432,Vanilla Almond Breeze Almond Milk,soy lactosefree,dairy eggs,1277
16185,Sharp Cheddar Cheese,packaged cheese,dairy eggs,1262
28849,No Salt Added Black Beans,canned meals beans,canned goods,1250
43295,Unsweetened Vanilla Almond Milk,soy lactosefree,dairy eggs,1248
43789,Organic Basil,fresh herbs,produce,1222
26369,Organic Roma Tomato,fresh vegetables,produce,1221
19348,Fat Free Milk,milk,dairy eggs,1220
41844,Honey Nut Cheerios,cereal,breakfast,1218
260,Cantaloupe,fresh fruits,produce,1215
24489,Organic Whole Strawberries,frozen produce,frozen,1213
41787,Bartlett Pears,fresh fruits,produce,1207
38689,Organic Reduced Fat Milk,milk,dairy eggs,1206
42585,Organic Extra Firm Tofu,tofu meat alternatives,deli,1186
8021,100% Recycled Paper Towels,paper goods,household,1183
19678,Organic Russet Potato,fresh vegetables,produce,1174
2295,Yellow Bell Pepper,fresh vegetables,produce,1166
14992,Green Beans,fresh vegetables,produce,1160
41220,Organic Romaine Lettuce,fresh vegetables,produce,1154
24830,Organic Romaine,packaged vegetables fruits,produce,1152
44683,Brussels Sprouts,fresh vegetables,produce,1149
11182,Baby Spinach,packaged vegetables fruits,produce,1147
42768,Organic Garbanzo Beans,canned meals beans,canned goods,1141
30233,Organic Large Brown Grade AA Cage Free Eggs,eggs,dairy eggs,1137
5479,Italian Sparkling Mineral Water,water seltzer sparkling water,beverages,1132
14947,Pure Sparkling Water,water seltzer sparkling water,beverages,1125
22963,Organic Roasted Turkey Breast,lunch meat,deli,1123
42828,Whipped Cream Cheese,other creams cheeses,dairy eggs,1078
21288,Blackberries,fresh fruits,produce,1077
46802,Pineapple Chunks,frozen produce,frozen,1077
17948,Frozen Organic Wild Blueberries,frozen produce,frozen,1065
10246,Organic Celery Hearts,fresh vegetables,produce,1062
25146,Original Orange Juice,refrigerated,beverages,1054
32655,Organic Large Grade AA Brown Eggs,eggs,dairy eggs,1052
42701,Organic Sour Cream,other creams cheeses,dairy eggs,1047
20842,Total 0% Greek Yogurt,yogurt,dairy eggs,1046
25659,Organic Coconut Milk,soy lactosefree,dairy eggs,1045
21405,Organic Red Radish  Bunch,fresh vegetables,produce,1041
31343,Shredded Mild Cheddar Cheese,packaged cheese,dairy eggs,1036
43772,Cherubs Heavenly Salad Tomatoes,fresh vegetables,produce,1024
23734,Sour Cream,other creams cheeses,dairy eggs,1022
46676,Total 0% Nonfat Greek Yogurt,yogurt,dairy eggs,993
16953,Creamy Peanut Butter,spreads,pantry,991
13870,Lightly Salted Baked Snap Pea Crisps,chips pretzels,snacks,991
32689,Romaine Hearts,packaged vegetables fruits,produce,988
43122,Organic Bartlett Pear,fresh fruits,produce,980
33754,Total 2% with Strawberry Lowfat Greek Strained Yogurt,yogurt,dairy eggs,973
39408,Gala Apples,fresh fruits,produce,959
38293,Ground Turkey Breast,poultry counter,meat seafood,958
39475,Total Greek Strained Yogurt,yogurt,dairy eggs,951
8859,Natural Spring Water,water seltzer sparkling water,beverages,950
29987,Shredded Mozzarella,packaged cheese,dairy eggs,944
43768,Organic Bell Pepper,fresh vegetables,produce,943
6046,Boneless Skinless Chicken Breast,poultry counter,meat seafood,943
18362,Organic Bread with 21 Whole Grains,bread,bakery,938
1940,Organic 2% Reduced Fat Milk,milk,dairy eggs,931
42342,Roasted Turkey Breast,lunch meat,deli,928
36695,Organic Hothouse Cucumbers,fresh vegetables,produce,926
48364,Sweet Onion,fresh vegetables,produce,916
32864,Organic Baby Rainbow Carrots,packaged vegetables fruits,produce,914
26620,Peach Pear Flavored Sparkling Water,water seltzer sparkling water,beverages,899
40310,Oven Roasted Turkey Breast,lunch meat,deli,897
48205,Spinach,packaged vegetables fruits,produce,878
44987,Heavy Whipping Cream,cream,dairy eggs,878
46654,Organic Grade A Large Brown Eggs,eggs,dairy eggs,874
5818,White Onion,fresh vegetables,produce,873
18531,Organic Heavy Whipping Cream,cream,dairy eggs,866
1463,Organic Milk,milk,dairy eggs,858
30776,Organic Raw Kombucha Gingerade,refrigerated,beverages,855
5212,Watermelon Chunks,packaged vegetables fruits,produce,854
30450,Creamy Almond Butter,spreads,pantry,850
35939,Organic Jalapeno Pepper,fresh vegetables,produce,850
38383,Organic White Onions,fresh vegetables,produce,850
26165,Electrolyte Enhanced Water,water seltzer sparkling water,beverages,847
38456,Large Grapefruit,fresh fruits,produce,845
890,Organic Diced Tomatoes,canned jarred vegetables,canned goods,837
47672,Uncured Hickory Smoked Sunday Bacon,hot dogs bacon sausage,meat seafood,835
33120,Organic Egg Whites,eggs,dairy eggs,834
28289,Organic Shredded Carrots,packaged vegetables fruits,produce,830
41149,Organic Riced Cauliflower,missing,missing,823
2086,Sustainably Soft Bath Tissue,paper goods,household,821
31683,Original No Pulp 100% Florida Orange Juice,refrigerated,beverages,819
36011,Organic Fat Free Milk,milk,dairy eggs,811
18523,Total 2% All Natural Greek Strained Yogurt with Honey,yogurt,dairy eggs,810
35108,Salted Butter,butter,dairy eggs,808
3952,Organic Broccoli Crowns,fresh vegetables,produce,804
47630,Medium Navel Orange,fresh fruits,produce,796
23288,Distilled Water,water seltzer sparkling water,beverages,793
41290,Lemonade,refrigerated,beverages,791
21019,Roasted Red Pepper Hummus,fresh dips tapenades,deli,791
47734,Organic Green Cabbage,fresh vegetables,produce,785
15937,Shallot,fresh vegetables,produce,778
44910,Organic Spring Mix Salad,packaged vegetables fruits,produce,777
4562,English Seedless Cucumber,fresh vegetables,produce,773
13629,Organic Snipped Green Beans,fresh vegetables,produce,772
39619,Organic Tomato Basil Pasta Sauce,pasta sauce,dry goods pasta,772
35921,Organic Large Grade A Brown Eggs,eggs,dairy eggs,769
23165,Organic Leek,fresh vegetables,produce,764
32478,Reduced Fat 2% Milk,milk,dairy eggs,763
43713,Organic Creamy Peanut Butter,spreads,pantry,760
24799,Vanilla Skyr Nonfat Yogurt,yogurt,dairy eggs,757
23375,Marinara Sauce,pasta sauce,dry goods pasta,754
36070,Super Spinach! Baby Spinach  Baby Bok Choy  Sweet Baby Kale,packaged vegetables fruits,produce,754
14678,Organic Frozen Peas,frozen produce,frozen,753
21376,Pretzel Crisps Original Deli Style Pretzel Crackers,chips pretzels,snacks,753
44422,Organic Old Fashioned Rolled Oats,hot cereal pancake mixes,breakfast,747
1158,Mango Chunks,frozen produce,frozen,746
7948,Organic Unsalted Butter,butter,dairy eggs,743
13984,Organic Mint,fresh herbs,produce,742
21267,Sourdough Bread,bread,bakery,738
2078,Unsalted Pure Irish Butter,butter,dairy eggs,736
35042,Black Beans,canned meals beans,canned goods,734
17600,YoKids Squeezers Organic Low-Fat Yogurt  Strawberry,yogurt,dairy eggs,733
40723,Organic Cripps Pink Apples,fresh fruits,produce,730
26940,Organic Large Green Asparagus,fresh vegetables,produce,730
2966,Pure Coconut Water,juice nectars,beverages,729
28993,Iceberg Lettuce,fresh vegetables,produce,728
13535,Organic Medium Salsa,preserved dips spreads,pantry,723
19048,Organic Butternut Squash,fresh vegetables,produce,715
20119,Sparkling Water Berry,water seltzer sparkling water,beverages,714
42450,Macaroni & Cheese,frozen meals,frozen,712
25931,Organic Baby Spinach Salad,packaged vegetables fruits,produce,710
39993,Vine Ripe Tomatoes,fresh vegetables,produce,708
31040,Sea Salt Pita Chips,chips pretzels,snacks,707
7021,Organic Tomato Paste,canned jarred vegetables,canned goods,707
46969,Organic Bosc Pear,fresh fruits,produce,706
28465,Icelandic Style Skyr Blueberry Non-fat Yogurt,yogurt,dairy eggs,705
16349,Organic Yams,fresh vegetables,produce,704
12206,Basil Pesto,pasta sauce,dry goods pasta,699
18027,Ezekiel 4:9 Bread Organic Sprouted Whole Grain,bread,bakery,698
10132,Organic American Cheese Singles,packaged cheese,dairy eggs,696
33129,Classic Hummus,fresh dips tapenades,deli,694
30827,Seedless Cucumbers,packaged produce,produce,693
38159,Organic Yellow Peaches,fresh fruits,produce,692
40332,Cage Free Brown Eggs-Large  Grade A,eggs,dairy eggs,690
25466,Water,water seltzer sparkling water,beverages,689
28934,Frozen Broccoli Florets,frozen produce,frozen,687
40174,2% Reduced Fat Organic Milk,milk,dairy eggs,686
43154,Sparkling Mineral Water,water seltzer sparkling water,beverages,686
15872,Celery Hearts,fresh vegetables,produce,686
34448,Original Veggie Straws,fruit vegetable snacks,snacks,684
5258,Sparkling Water,water seltzer sparkling water,beverages,673
17122,Honeycrisp Apples,fresh fruits,produce,670
10673,Original Nooks & Crannies English Muffins,breakfast bakery,bakery,669
40545,Berry Medley,frozen produce,frozen,667
39812,Organic Thyme,fresh herbs,produce,665
41665,Organic Mexican Blend Finely Shredded Cheese,packaged cheese,dairy eggs,664
48745,Globe Eggplant,fresh vegetables,produce,663
28156,Total 0% Nonfat Plain Greek Yogurt,yogurt,dairy eggs,660
42625,Flat Parsley  Bunch,fresh herbs,produce,658
30720,Sugar Snap Peas,fresh vegetables,produce,657
40396,Guacamole,fresh dips tapenades,deli,654
7628,Dressing  Jersey Sweet Onion  Calorie Free,fresh vegetables,produce,653
26790,Organic AppleApple,canned fruit applesauce,canned goods,651
49520,Orange Sparkling Water,water seltzer sparkling water,beverages,651
40571,Total 2% Greek Strained Yogurt with Cherry 5.3 oz,yogurt,dairy eggs,648
5782,Grade A Large White Eggs,eggs,dairy eggs,647
4957,Total 2% Lowfat Greek Strained Yogurt With Blueberry,yogurt,dairy eggs,647
17461,Air Chilled Organic Boneless Skinless Chicken Breasts,poultry counter,meat seafood,646
10957,Fridge Pack Cola,soft drinks,beverages,645
43086,Super Greens Salad,packaged vegetables fruits,produce,644
33787,Total 2% Lowfat Greek Strained Yogurt with Peach,yogurt,dairy eggs,644
45603,Trilogy Kombucha Drink,refrigerated,beverages,644
13198,85% Lean Ground Beef,meat counter,meat seafood,642
49383,Organic Bunch Beets,fresh vegetables,produce,641
32734,Spaghetti,dry pasta,dry goods pasta,640
30169,Total 2% All Natural Plain Greek Yogurt,yogurt,dairy eggs,638
35561,Organic Tortilla Chips,chips pretzels,snacks,637
37766,XL Emerald White Seedless Grapes,packaged vegetables fruits,produce,635
16965,Chocolate Ice Cream,ice cream ice,frozen,635
12916,Ginger Ale,soft drinks,beverages,634
38400,Asparation/Broccolini/Baby Broccoli,fresh vegetables,produce,633
8571,Baby Cucumbers,packaged produce,produce,632
39984,Organic Dill,fresh herbs,produce,631
47977,Grapefruit Sparkling Water,water seltzer sparkling water,beverages,630
8670,Diced Tomatoes,canned jarred vegetables,canned goods,628
17872,Total 2% Lowfat Plain Greek Yogurt,yogurt,dairy eggs,628
7751,Tomato Ketchup,condiments,pantry,625
45,European Cucumber,fresh vegetables,produce,625
40516,Organic Romaine Hearts,packaged vegetables fruits,produce,624
42356,Strawberry Preserves,spreads,pantry,622
13646,Lemon Hummus,fresh dips tapenades,deli,622
21195,Organic Extra Virgin Olive Oil,oils vinegars,pantry,620
16083,Organic Large Brown Eggs,eggs,dairy eggs,619
35547,Organic Baby Kale,fresh vegetables,produce,619
4472,Toasted Coconut Almondmilk Blend,soy lactosefree,dairy eggs,618
44570,Kale Greens,fresh vegetables,produce,616
26497,Romaine Lettuce,fresh vegetables,produce,615
40199,Chocolate Chip Cookies,cookies cakes,snacks,614
32177,Blood Oranges,fresh fruits,produce,610
8048,Packaged Grape Tomatoes,packaged produce,produce,610
18441,Organic Ketchup,condiments,pantry,610
19508,Corn Tortillas,tortillas flat bread,bakery,609
27336,Organic Rainbow Carrots,packaged vegetables fruits,produce,607
5646,Organic Turkey Bacon,hot dogs bacon sausage,meat seafood,603
6187,Raisin Bran Cereal,cereal,breakfast,600
19691,Green Seedless Grapes,packaged produce,produce,599
17795,Organic Green Leaf Lettuce,fresh vegetables,produce,598
40709,Sea Salt & Vinegar Potato Chips,chips pretzels,snacks,597
38557,Citrus Mandarins Organic,fresh fruits,produce,593
18370,Organic Shredded Mozzarella,packaged cheese,dairy eggs,592
3376,Organic Whole Kernel Sweet Corn No Salt Added,canned jarred vegetables,canned goods,592
38768,Sweet Kale Salad Mix,packaged produce,produce,591
38777,Organic Green Seedless Grapes,packaged vegetables fruits,produce,590
20955,Cereal,cereal,breakfast,590
48775,Organic Red Cabbage,fresh vegetables,produce,590
6873,Organic Iceberg Lettuce,fresh vegetables,produce,587
651,Organic Salted Butter,butter,dairy eggs,586
44449,Organic Tomato Sauce,canned jarred vegetables,canned goods,584
34050,Orange Juice,refrigerated,beverages,581
10644,Italian Extra Virgin Olive Oil,oils vinegars,pantry,579
5618,Cauliflower,fresh vegetables,produce,578
36865,Non Fat Raspberry Yogurt,yogurt,dairy eggs,576
1511,2% Reduced Fat DHA Omega-3 Reduced Fat Milk,milk,dairy eggs,575
29447,Milk  Organic  Vitamin D,milk,dairy eggs,572
49075,Organic Brown Rice,frozen meals,frozen,572
37158,Chicken & Maple Breakfast Sausage,frozen breakfast,frozen,570
33401,Goat Cheese Crumbles,packaged cheese,dairy eggs,568
7175,Organic Whipped Naturally Buttery Spread,soy lactosefree,dairy eggs,567
47141,Cola,soft drinks,beverages,565
6348,Mini Original Babybel Cheese,packaged cheese,dairy eggs,564
19677,Original Pure Creamy Almond Milk,soy lactosefree,dairy eggs,564
36550,Organic Extra Large Grade AA Brown Eggs,eggs,dairy eggs,562
27695,Natural Chicken & Sage Breakfast Sausage,hot dogs bacon sausage,meat seafood,554
32303,Red Seedless Grapes,fresh fruits,produce,554
14233,Natural Artesian Water,water seltzer sparkling water,beverages,554
6104,Whole Milk Plain Yogurt,yogurt,dairy eggs,554
15902,100 Calorie  Per Bag Popcorn,popcorn jerky,snacks,552
3599,Baked Aged White Cheddar Rice and Corn Puffs,popcorn jerky,snacks,546
45123,Organic 21 Grain Thin Sliced Bread,bread,bakery,546
14084,Organic Unsweetened Vanilla Almond Milk,soy lactosefree,dairy eggs,544
10017,Tilapia Filet,seafood counter,meat seafood,543
27323,Pure & Natural Sour Cream,other creams cheeses,dairy eggs,543
22395,Tomato Sauce,canned jarred vegetables,canned goods,542
33768,Sinfully Sweet Campari Tomatoes,fresh vegetables,produce,542
14218,Grade A Large Eggs Cage Free Omega 3,eggs,dairy eggs,540
21573,Roasted Pine Nut Hummus,fresh dips tapenades,deli,540
24561,Organic Cheese Frozen Pizza,frozen pizza,frozen,538
21292,Rainbow Bell Peppers,packaged produce,produce,536
45535,Organic Low Sodium Chicken Broth,soup broth bouillon,canned goods,536
37710,Trail Mix,trail mix snack mix,snacks,533
42244,Total 2% All Natural Low Fat 2% Milkfat Greek Strained Yogurt,yogurt,dairy eggs,531
46720,Organic Free Range Chicken Broth,soup broth bouillon,canned goods,527
13733,Red Potatoes,fresh vegetables,produce,525
15424,Purified Water,water seltzer sparkling water,beverages,524
25824,Pita Chips Simply Naked,chips pretzels,snacks,524
20082,Organic Whole Milk with DHA Omega-3,milk,dairy eggs,523
13829,Mild Salsa,preserved dips spreads,pantry,521
12456,Organic Sunday Bacon,hot dogs bacon sausage,meat seafood,521
10385,Organic English Cucumber,fresh vegetables,produce,518
25138,Organic Plain Greek Whole Milk Yogurt,yogurt,dairy eggs,518
39947,Blackberry Cucumber Sparkling Water,water seltzer sparkling water,beverages,518
39190,Vanilla Unsweetened Almond Milk,soy lactosefree,dairy eggs,516
5456,Green Tea With Ginseng and Honey,lunch meat,deli,516
21333,Original Whipped Cream Cheese,other creams cheeses,dairy eggs,516
13249,Skim Milk,milk,dairy eggs,515
5134,Organic Thompson Seedless Raisins,nuts seeds dried fruit,snacks,513
18288,Sea Salt Potato Chips,chips pretzels,snacks,511
38273,Marinara Pasta Sauce,pasta sauce,dry goods pasta,511
4086,Mint,fresh herbs,produce,510
5769,Organic Chicken Stock,soup broth bouillon,canned goods,508
19019,Uncured Slow Cooked Ham,lunch meat,deli,508
17758,Strawberry Rhubarb Yoghurt,yogurt,dairy eggs,507
40198,Blueberry Yoghurt,yogurt,dairy eggs,506
14197,Tomato Paste,pasta sauce,dry goods pasta,503
49191,Cran Raspberry Sparkling Water,water seltzer sparkling water,beverages,503
31915,Organic Red Delicious Apple,fresh fruits,produce,501
23537,Light Brown Sugar,baking ingredients,pantry,499
13517,Whole Wheat Bread,bread,bakery,498
25513,Boomchickapop Sea Salt Popcorn,popcorn jerky,snacks,497
32433,Green Peas,frozen produce,frozen,497
27548,Original Semisoft Cheese,packaged cheese,dairy eggs,496
23029,Organic Uncured Sliced Black Forest Ham,lunch meat,deli,495
35898,Original Hot Sauce,condiments,pantry,495
15613,Salted Tub of Butter,butter,dairy eggs,495
34262,Hint Of Sea Salt Almond Nut Thins,crackers,snacks,494
26283,White Corn,fresh vegetables,produce,494
35163,Red Leaf Lettuce,fresh vegetables,produce,493
16696,Coke Classic,soft drinks,beverages,493
7963,Gluten Free Whole Grain Bread,frozen breads doughs,frozen,492
26348,Mixed Fruit Fruit Snacks,fruit vegetable snacks,snacks,489
47759,Mandarin Oranges,fresh fruits,produce,489
22959,Reduced Fat Milk 100% Lactose Free,soy lactosefree,dairy eggs,488
27796,Real Mayonnaise,condiments,pantry,488
1244,Organic Orange Bell Pepper,fresh vegetables,produce,487
11422,Plain Greek Yogurt,yogurt,dairy eggs,486
11408,Crushed Tomatoes,canned jarred vegetables,canned goods,485
9339,Organic Chicken & Apple Sausage,hot dogs bacon sausage,meat seafood,484
31964,Passionfruit Sparkling Water,water seltzer sparkling water,beverages,483
39180,Organic Lowfat 1% Milk,milk,dairy eggs,483
329,Organic Whole Grassmilk Milk,milk,dairy eggs,480
35140,Organic Whole Cashews,nuts seeds dried fruit,snacks,476
5194,Organic Bunny Fruit Snacks Berry Patch,fruit vegetable snacks,snacks,475
13740,Organic Summer Strawberry Bunny Fruit Snacks,fruit vegetable snacks,snacks,475
18234,Organic Spinach Bunch,fresh vegetables,produce,475
21174,I Heart Baby Kale,packaged vegetables fruits,produce,475
20345,Thin Crust Pepperoni Pizza,frozen pizza,frozen,473
13380,Organic Blue Corn Tortilla Chips,chips pretzels,snacks,473
7969,Lime,fresh fruits,produce,472
29553,Super Soft Taco Flour Tortillas,tortillas flat bread,bakery,471
30696,Eggo Homestyle Waffles,frozen breakfast,frozen,470
17316,Vitamin D Organic Whole Milk,milk,dairy eggs,468
12576,Kiwi Sandia Sparkling Water,water seltzer sparkling water,beverages,465
44765,Colby Cheese Sticks,packaged cheese,dairy eggs,465
18811,Organic Apple Juice,juice nectars,beverages,462
11068,Medium Cheddar Cheese Block,packaged cheese,dairy eggs,462
24024,1% Lowfat Milk,milk,dairy eggs,461
38164,Almonds & Sea Salt in Dark Chocolate,candy chocolate,snacks,461
37220,Organic Strawberry Fruit Spread,spreads,pantry,460
36316,Lemon Sparkling Water,water seltzer sparkling water,beverages,460
29307,Baby Arugula,packaged vegetables fruits,produce,459
27730,Almond Breeze Original Almond Milk,soy lactosefree,dairy eggs,459
7559,Cinnamon Rolls with Icing,doughs gelatins bake mixes,pantry,459
46584,YoKids Blueberry & Strawberry/Vanilla Yogurt,yogurt,dairy eggs,459
46820,Vanilla Pure Almond Milk,soy lactosefree,dairy eggs,458
11712,Cage Free Large White Eggs,eggs,dairy eggs,458
36735,Organic Roasted Sliced Chicken Breast,lunch meat,deli,457
2452,Naturals Chicken Nuggets,frozen appetizers sides,frozen,453
42719,Natural Premium Coconut Water,juice nectars,beverages,452
43504,Organic Chicken Strips,frozen meat seafood,frozen,451
44560,Kids Organic Chocolate Chip ZBars,energy granola bars,snacks,451
37524,Fresh Mozzarella Ball,specialty cheeses,dairy eggs,450
21872,Organic Italian Salad,packaged vegetables fruits,produce,450
1999,Organic Chicken Broth,soup broth bouillon,canned goods,450
7503,Whole Almonds,nuts seeds dried fruit,snacks,448
35004,Macaroni Shells & White Cheddar Cheese,instant foods,dry goods pasta,448
5161,Dried Mango,bulk dried fruits vegetables,bulk,446
31215,Lemon Yogurt,yogurt,dairy eggs,445
12845,Chopped Walnuts,nuts seeds dried fruit,snacks,444
19173,Orange Calcium & Vitamin D Pulp Free,juice nectars,beverages,444
45200,Organic Cauliflower,fresh vegetables,produce,444
49131,Smoked Turkey Breast Slices,lunch meat,deli,444
20738,Plain Bagels,breakfast bakery,bakery,443
32691,Vanilla Ice Cream,ice cream ice,frozen,443
34466,Sweet Potatoes,frozen produce,frozen,443
35628,Organic Strawberry Smoothie,yogurt,dairy eggs,443
37065,Serrano Chile Peppers,fresh vegetables,produce,442
27325,Alpine Spring Water,water seltzer sparkling water,beverages,441
22124,Total 0% Raspberry Yogurt,yogurt,dairy eggs,441
18918,Organic Chopped Spinach,frozen produce,frozen,441
4656,Raspberry Preserves,spreads,pantry,438
43662,Yogurt  Strained Low-Fat  Coconut,yogurt,dairy eggs,437
39561,Crackers Cheddar Bunnies Snack Packs,crackers,snacks,437
45104,ALMONDBREEZE UNSWEETENED,soy lactosefree,dairy eggs,436
26800,Organic Baby Kale Mix,packaged vegetables fruits,produce,433
18963,Apple Cider Vinegar,oils vinegars,pantry,433
17008,Shredded Sharp Cheddar Cheese,packaged cheese,dairy eggs,433
5612,Reduced Fat Milk,milk,dairy eggs,432
46522,Spaghetti Pasta,dry pasta,dry goods pasta,430
47788,Honeydew Melon,fresh fruits,produce,430
4367,Garlic & Fine Herbs Gournay Cheese,packaged cheese,dairy eggs,429
28745,Oven Roasted Turkey,lunch meat,deli,429
42445,Organic Plain Whole Milk Yogurt,yogurt,dairy eggs,428
3464,Organic Butterhead (Boston  Butter  Bibb) Lettuce,fresh vegetables,produce,428
2855,Organic Good Seed Bread,bread,bakery,428
1194,Natural Artisan Water,water seltzer sparkling water,beverages,428
6631,No Pulp Calcium & Vitamin D Pure Orange Juice,refrigerated,beverages,428
9020,Boneless Skinless Chicken Thighs,poultry counter,meat seafood,426
9092,Organic Vegetable Broth,soup broth bouillon,canned goods,423
37029,Cream Cheese Spread,other creams cheeses,dairy eggs,423
30406,Butternut Squash,fresh vegetables,produce,421
9825,Organic Multigrain Waffles,frozen breakfast,frozen,421
10326,Organic Fuji Apples,fresh fruits,produce,421
20734,Organic Medjool Dates,nuts seeds dried fruit,snacks,420
12872,Penne Rigate,dry pasta,dry goods pasta,420
13263,Non Fat Acai & Mixed Berries Yogurt,yogurt,dairy eggs,420
29127,Dairy Free Unsweetened Coconut Milk,soy lactosefree,dairy eggs,419
12276,Chocolate Chip Cookie Dough Ice Cream,ice cream ice,frozen,418
17706,Organic Whole Grain Wheat English Muffins,breakfast bakery,bakery,417
11759,Organic Simply Naked Pita Chips,chips pretzels,snacks,416
2825,Organic Original Hommus,fresh dips tapenades,deli,416
30353,Curate Cherry Lime Sparkling Water,water seltzer sparkling water,beverages,415
14715,Coconut Water,juice nectars,beverages,414
38928,0% Greek Strained Yogurt,yogurt,dairy eggs,413
14161,Kiwi,fresh fruits,produce,412
18479,Organic Low Sodium Vegetable Broth,soup broth bouillon,canned goods,412
18656,Organic Red Potato,fresh vegetables,produce,411
14462,Sliced Black Olives,pickled goods olives,pantry,409
10070,Organic 1% Low Fat Milk,milk,dairy eggs,409
42110,Organic Macaroni Shells & Real Aged Cheddar,instant foods,dry goods pasta,409
46616,Organic Dark Chocolate Peanut Butter Cups,candy chocolate,snacks,408
31066,Aluminum Foil,food storage,household,407
4461,Organic Raw Unfiltered Apple Cider Vinegar,oils vinegars,pantry,407
14897,Sweet Potato Yam,fresh vegetables,produce,407
2450,Taco Seasoning,latino foods,international,405
25588,Seedless Small Watermelon,fresh fruits,produce,401
33352,Organic Kale Greens,packaged vegetables fruits,produce,401
44628,Organic Dijon Mustard,condiments,pantry,400
48628,Organic Whole Wheat Bread,bread,bakery,400
32465,Sliced White Mushrooms,packaged vegetables fruits,produce,399
35887,Organic Mixed Vegetables,frozen produce,frozen,398
7644,Scoops! Tortilla Chips,chips pretzels,snacks,398
22474,Cheddar Bunnies Snack Crackers,crackers,snacks,397
44799,Fresh CA Grown Eggs,eggs,dairy eggs,397
48395,Original Rice Pilaf Mix,grains rice dried goods,dry goods pasta,397
28427,Vitamin D Whole Milk,milk,dairy eggs,395
44008,Organic Greek Whole Milk Blended Vanilla Bean Yogurt,yogurt,dairy eggs,395
34217,Pesto Tortellini  Bowls,frozen meals,frozen,394
17616,Goldfish Cheddar Baked Snack Crackers,crackers,snacks,394
44234,Squeeze Tomato Ketchup,condiments,pantry,394
28476,Organic Small Curd Cottage Cheese,other creams cheeses,dairy eggs,393
29662,Potato Yukon Gold Organic,fresh vegetables,produce,392
41588,Firm Tofu,tofu meat alternatives,deli,391
15261,Organic Rosemary,fresh herbs,produce,391
29675,Organic Bagged Carrots,fresh vegetables,produce,390
32429,Red Mango,fresh fruits,produce,390
16521,Walnut Halves & Pieces,nuts seeds dried fruit,snacks,389
39108,Pulp Free Orange Juice,refrigerated,beverages,388
41065,Organic Yellow Squash,fresh vegetables,produce,387
23405,Pure Baking Soda,baking ingredients,pantry,387
28535,Cucumber & Garlic  Tzatziki,preserved dips spreads,pantry,386
3990,Natural Sharp Cheddar Sliced Cheese,packaged cheese,dairy eggs,386
4724,Broccoli Florettes,packaged produce,produce,385
11140,Organic Romaine Leaf,packaged vegetables fruits,produce,385
21295,Organic Spaghetti Squash,fresh vegetables,produce,385
49175,Organic Pinto Beans,canned meals beans,canned goods,385
14168,Penne Pasta,dry pasta,dry goods pasta,384
31433,Organic Cinnamon Crunch Cereal,cereal,breakfast,384
24954,Total 0% with Honey Nonfat Greek Strained Yogurt,yogurt,dairy eggs,384
3896,Organic Honey Sweet Whole Wheat Bread,bread,bakery,383
1529,Parsley  Italian (Flat)  New England Grown,fresh herbs,produce,382
12409,Organic Distilled White Vinegar,oils vinegars,pantry,382
13166,Organic Milk Reduced Fat  2% Milkfat,milk,dairy eggs,382
16616,Organic Sliced White Mushrooms,packaged vegetables fruits,produce,381
22849,Bunny-Luv Fresh Organic Carrots,packaged vegetables fruits,produce,381
29926,Roasted & Salted Almonds,nuts seeds dried fruit,snacks,380
40063,Gluten Free Chocolate Chip Cookies,cookies cakes,snacks,380
41658,Authentic French Brioche Hamburger Buns,buns rolls,bakery,380
32650,White Giant Paper Towel Rolls,paper goods,household,379
7485,Garlic Hummus,fresh dips tapenades,deli,379
10305,Black Plum,fresh fruits,produce,379
34584,Organic Sliced Peaches,frozen produce,frozen,378
45646,Grated Parmesan Cheese,packaged cheese,dairy eggs,378
24841,Aged White Cheddar Baked Rice & Corn Puffs Gluten Free Lunch Packs,chips pretzels,snacks,377
11512,Honey Yoghurt,yogurt,dairy eggs,376
19488,Select-A-Size White Paper Towels,paper goods,household,376
5068,Cauliflower Florets,packaged produce,produce,373
47042,Organic Red On the Vine Tomato,fresh vegetables,produce,373
46886,Raspberry Yoghurt,yogurt,dairy eggs,372
1090,Shells & Real Aged Cheddar Macaroni & Cheese,instant foods,dry goods pasta,372
17949,Mild Cheddar Cheese Sticks,packaged cheese,dairy eggs,372
15200,Organic Green Beans,fresh vegetables,produce,372
39558,Gold Potato,fresh vegetables,produce,371
26317,Organic Lemonade,juice nectars,beverages,370
21386,Smartwater,water seltzer sparkling water,beverages,370
1700,White Cheddar Popcorn,popcorn jerky,snacks,370
2361,Mint Chip,ice cream ice,frozen,369
3298,Mozzarella String Cheese,packaged cheese,dairy eggs,369
8138,Traditional Hummus,fresh dips tapenades,deli,369
38890,No Pulp Calcium & Vitamin D Pure Premium 100% Pure Orange Juice,juice nectars,beverages,369
38772,Provolone,packaged cheese,dairy eggs,368
42240,Ultra Soft Facial Tissues,paper goods,household,368
36086,Philadelphia Original Cream Cheese,other creams cheeses,dairy eggs,368
31766,Cheese Pizza Snacks,frozen appetizers sides,frozen,368
20940,Organic Low Fat Milk,milk,dairy eggs,368
12614,Yellow Grape Tomatoes,fresh vegetables,produce,368
48697,Canola Oil,oils vinegars,pantry,368
9124,Broccoli & Cheddar Bake Meal Bowl,frozen meals,frozen,367
1408,Mini Cucumbers,packaged vegetables fruits,produce,367
39922,Celery Sticks,packaged vegetables fruits,produce,367
48559,Synergy Organic Kombucha Gingerberry,refrigerated,beverages,366
44661,Bicolor Sweet Corn,fresh vegetables,produce,365
28553,Whole Strawberries,frozen produce,frozen,365
11005,Organic Cream Cheese Bar,other creams cheeses,dairy eggs,365
17878,Grilled Chicken Breast Strips,packaged poultry,meat seafood,364
23236,Chopped Spinach,frozen produce,frozen,364
43129,Panko Bread Crumbs,marinades meat preparation,pantry,364
24810,Organic Lightly Salted Brown Rice Cakes,crackers,snacks,363
18594,Emmentaler Swiss Slices,packaged cheese,dairy eggs,363
44479,Organic Stringles Mozzarella String Cheese,packaged cheese,dairy eggs,363
8309,Nonfat Icelandic Style Strawberry Yogurt,yogurt,dairy eggs,362
2091,Almond Nut & Rice Cracker Snacks,crackers,snacks,362
23341,Large Grade AA Eggs,eggs,dairy eggs,362
24382,Ranch Dressing,salad dressing toppings,pantry,362
39581,French Vanilla Creamer,cream,dairy eggs,362
35914,Dha Omega 3 Reduced Fat 2% Milk,milk,dairy eggs,361
4942,Vanilla Almond Breeze,soy lactosefree,dairy eggs,361
5322,Gluten Free Dark Chocolate Chunk Chewy with a Crunch Granola Bars,energy granola bars,snacks,361
39276,Bananas,fresh fruits,produce,360
32747,Low Fat 1% Milk,milk,dairy eggs,360
24009,Organic Long Grain White Rice,grains rice dried goods,dry goods pasta,359
41400,Crunchy Oats 'n Honey Granola Bars,energy granola bars,snacks,359
13966,Chicken Pot Pie,frozen meals,frozen,359
5373,Organic No Salt Added Diced Tomatoes,canned jarred vegetables,canned goods,358
35503,Organic Vanilla Almond Milk,soy lactosefree,dairy eggs,358
21543,Organic Quick Oats,hot cereal pancake mixes,breakfast,357
28601,Collard Greens,fresh vegetables,produce,356
12606,100% Natural Spring Water,water seltzer sparkling water,beverages,354
2228,Organic Frozen Mango Chunks,frozen produce,frozen,354
47156,Coconut Almond Unsweetened Creamer Blend,cream,dairy eggs,353
43565,Lean Ground Turky,packaged poultry,meat seafood,350
18926,Fat Free Strawberry Yogurt,yogurt,dairy eggs,349
46041,Beef Franks,hot dogs bacon sausage,meat seafood,349
43631,Diet Coke,soft drinks,beverages,348
27360,Boneless Skinless Chicken Breast Fillets,packaged poultry,meat seafood,347
14999,Grade A Large Brown Eggs,eggs,dairy eggs,347
2314,Whole Milk Ricotta Cheese,other creams cheeses,dairy eggs,347
45948,Gluten Free 7 Grain Bread,bread,bakery,347
46149,Zero Calorie Cola,soft drinks,beverages,347
23543,Organic Extra Large Brown Eggs,eggs,dairy eggs,346
23622,Organic Hot House Tomato,fresh vegetables,produce,346
40377,Unrefined Virgin Coconut Oil,oils vinegars,pantry,345
36724,Organic Sea Salt Roasted Seaweed Snacks,asian foods,international,345
12980,Large Greenhouse Tomato,fresh vegetables,produce,345
42460,Plain Mini Bagels,breakfast bakery,bakery,344
22802,Mineral Water,water seltzer sparkling water,beverages,344
31562,Sweet Onions,fresh vegetables,produce,344
13431,Flaky Biscuits,doughs gelatins bake mixes,pantry,343
18987,Hot Dog Buns,buns rolls,bakery,343
19006,Dark Chocolate Pretzels with Sea Salt,chips pretzels,snacks,343
40939,Drinking Water,water seltzer sparkling water,beverages,342
48527,Avocado,fresh fruits,produce,342
38944,Seven Grain Crispy Tenders,frozen vegan vegetarian,frozen,341
40910,Root Beer,soft drinks,beverages,340
19003,Celery,fresh vegetables,produce,340
45063,Organic Baby Bella Mushrooms,packaged vegetables fruits,produce,339
4149,Frozen Organic Blueberries,fresh fruits,produce,338
20754,Mediterranean Mint Gelato,ice cream ice,frozen,337
11440,Chicken Breast Tenders Breaded,frozen appetizers sides,frozen,337
11461,White Corn Tortillas,tortillas flat bread,bakery,337
33055,Organic Golden Delicious Apple,fresh fruits,produce,337
35535,Organic Red Chard Greens,fresh vegetables,produce,336
5449,Margherita Pizza,frozen pizza,frozen,336
48171,Shredded Hash Browns,frozen appetizers sides,frozen,336
49533,Cane Sugar,baking ingredients,pantry,336
9515,Natural Classic Pork Breakfast Sausage,frozen breakfast,frozen,335
14633,Veggie Chips,chips pretzels,snacks,334
36956,Stringless Sugar Snap Peas,packaged vegetables fruits,produce,333
48523,Birthday Cake Light Ice Cream,ice cream ice,frozen,333
36772,Bunny Pasta with Yummy Cheese Macaroni & Cheese,instant foods,dry goods pasta,332
35383,Classic White Bread,bread,bakery,332
32403,Fat Free Skim Milk,milk,dairy eggs,332
28373,Original Rotisserie Chicken,prepared meals,deli,332
7736,Premium Original Saltine Crackers,crackers,snacks,332
9755,Original Popcorn,popcorn jerky,snacks,330
17652,Air Chilled Breaded Chicken Breast Nuggets,frozen appetizers sides,frozen,330
40593,Cream Cheese,other creams cheeses,dairy eggs,330
49610,100% Lactose Free Fat Free Milk,soy lactosefree,dairy eggs,330
27243,Premium Pure Cane Granulated Sugar,baking ingredients,pantry,329
33043,Crescent Rolls,doughs gelatins bake mixes,pantry,329
31869,Organic Edamame,frozen produce,frozen,329
16254,ZBar Organic Chocolate Brownie Energy Snack,energy granola bars,snacks,329
14129,Organic Chicken Bone Broth,soup broth bouillon,canned goods,328
26384,Large Brown Eggs,eggs,dairy eggs,328
38200,Apple Juice,refrigerated,beverages,327
7500,Organic Vanilla Extract,baking ingredients,pantry,327
1215,Kidz All Natural Baked Chicken Nuggets,frozen appetizers sides,frozen,327
20574,Roasted Turkey,lunch meat,deli,326
41273,Broccoli Florets,packaged vegetables fruits,produce,326
47877,Coke Zero,soft drinks,beverages,326
47357,Original Restaurant Style Tortilla Chips,chips pretzels,snacks,325
30639,Organic Orange Juice,juice nectars,beverages,325
18382,Saltine Crackers,crackers,snacks,325
11576,Corn Chips,chips pretzels,snacks,325
5460,Butter,butter,dairy eggs,325
4138,Arancita Rossa,soft drinks,beverages,325
8239,Peanut Butter Creamy With Salt,spreads,pantry,324
8955,Basil,fresh herbs,produce,324
13852,Organic Broccoli Crown,fresh vegetables,produce,324
25753,Organic Homestyle Waffles,frozen breakfast,frozen,324
27307,Cage Free Grade A Large Brown Eggs,eggs,dairy eggs,323
47912,Vanilla Skyr Style Yogurt,yogurt,dairy eggs,323
26128,Organic Mango Chunks,frozen produce,frozen,322
25544,Fresh Cut Golden Sweet Whole Kernel Corn,canned jarred vegetables,canned goods,321
31759,Cherrios Honey Nut,cereal,breakfast,321
31651,Extra Fancy Unsalted Mixed Nuts,nuts seeds dried fruit,snacks,321
13083,Lowfat Small Curd Cottage Cheese,other creams cheeses,dairy eggs,321
19068,Boneless And Skinless Chicken Breast,poultry counter,meat seafood,321
15392,Organic Mayonnaise,condiments,pantry,320
6948,Organic Original Almond Milk,soy lactosefree,dairy eggs,320
45747,Curate Melon Pomelo Sparking Water,water seltzer sparkling water,beverages,319
45064,Honey Wheat Bread,bread,bakery,316
7131,Light Semisoft Cheese,packaged cheese,dairy eggs,316
14852,All Natural Marinara Sauce,pasta sauce,dry goods pasta,316
18019,Macaroni & Cheese Dinner Original Flavor,instant foods,dry goods pasta,316
17341,Presliced Everything Bagels,breakfast bakery,bakery,315
27744,Organic Whipping Cream,cream,dairy eggs,315
30305,Fancy Eggplant,fresh vegetables,produce,315
37011,Artichokes,fresh vegetables,produce,315
3142,Organic Short Grain Brown Rice,grains rice dried goods,dry goods pasta,314
36082,Organic Mango,fresh fruits,produce,313
42557,Crunchy Almond Butter,spreads,pantry,313
31981,1% Low Fat Milk,milk,dairy eggs,312
47792,Organic Beans & Rice Cheddar Cheese Burrito,frozen meals,frozen,312
6489,Backyard Barbeque Potato Chips,chips pretzels,snacks,311
6128,Original Fresh Stack Crackers,crackers,snacks,311
8479,Original Black Box Tablewater Cracker,crackers,snacks,311
24759,Club Soda,soft drinks,beverages,310
40348,Large Burrito Flour Tortillas,tortillas flat bread,bakery,310
43875,Baby Food Stage 2 Blueberry Pear & Purple Carrot,baby food formula,babies,310
33846,Roasted Garlic Hummus,fresh dips tapenades,deli,309
33548,Peach on the Bottom Nonfat Greek Yogurt,yogurt,dairy eggs,309
2326,Organic Blueberry Waffles,frozen breakfast,frozen,309
581,Garnet Sweet Potato (Yam),fresh vegetables,produce,308
5652,Organic Red Potatoes,fresh vegetables,produce,308
14901,Raisins,nuts seeds dried fruit,snacks,308
13575,Apples,fresh fruits,produce,308
23645,Sour Cream & Onion Potato Chips,chips pretzels,snacks,308
29370,Organic White Cheddar Popcorn,popcorn jerky,snacks,308
32455,Whole Grain Cheddar Baked Snack Crackers,crackers,snacks,307
36929,Milk  Vitamin D,milk,dairy eggs,306
12099,Honey Greek Yogurt,yogurt,dairy eggs,306
18880,Organic Free Range Low Sodium Chicken Broth,soup broth bouillon,canned goods,305
9741,Cheese Pizza,frozen pizza,frozen,305
2180,Angel Hair Pasta,dry pasta,dry goods pasta,305
41259,Poblano Pepper,fresh vegetables,produce,305
41544,Organic Crushed Fire Roasted Tomatoes,canned jarred vegetables,canned goods,304
17224,Oats & Honey Gluten Free Granola,energy granola bars,snacks,303
21417,Organic Creamy Tomato Soup,soup broth bouillon,canned goods,302
3583,Unsweetened Coconut Milk Beverage,milk,dairy eggs,302
41319,Sea Salt Caramel Gelato,ice cream ice,frozen,302
39040,Organic Sliced Crimini Mushrooms,packaged vegetables fruits,produce,302
46572,Sweet Rolls,buns rolls,bakery,302
45504,Whole Organic Omega 3 Milk,milk,dairy eggs,302
4137,Whole Grain Oat Cereal,cereal,breakfast,301
17835,Thin & Light Tortilla Chips,chips pretzels,snacks,301
24221,Organic Red Grapes,fresh fruits,produce,300
35336,Naked Green Machine Boosted Juice Smoothie,refrigerated,beverages,299
14778,Organic Chocolate Chip Chewy Granola Bars,energy granola bars,snacks,299
5240,Spaghetti  No 12,dry pasta,dry goods pasta,299
10032,Cola Soft Drink,soft drinks,beverages,298
10621,Organic Purple Kale,fresh vegetables,produce,298
16262,Everything Bagels,breakfast bakery,bakery,298
17429,Jalapeno Hummus,fresh dips tapenades,deli,298
44514,Yellow Straightneck Squash,fresh vegetables,produce,298
38693,Meyer Lemon,fresh fruits,produce,297
37119,Uncured Pepperoni,lunch meat,deli,296
38650,Organic Red Lentils,grains rice dried goods,dry goods pasta,296
10504,Yukon Gold Potatoes 5lb Bag,fresh vegetables,produce,296
2120,Sauvignon Blanc,white wines,alcohol,295
365,Cheerios Cereal,cereal,breakfast,295
16823,Organic Beef Broth,soup broth bouillon,canned goods,295
19816,Sonoma Traditional Flour Tortillas 10 Count,tortillas flat bread,bakery,295
10912,Lowfat Vanilla Yogurt,yogurt,dairy eggs,294
46175,Half Baked® Ice Cream,ice cream ice,frozen,294
45763,Mini Seedless Cucumbers,fresh vegetables,produce,294
34234,Grade AA Large White Eggs,eggs,dairy eggs,293
22888,90% Lean Ground Beef,meat counter,meat seafood,292
13819,Roasted Salted Cashews,nuts seeds dried fruit,snacks,292
9808,Organic Cottage Cheese,other creams cheeses,dairy eggs,292
45681,Americone Dream® Ice Cream,ice cream ice,frozen,292
23516,Organic Unbleached All-Purpose Flour,baking ingredients,pantry,291
25340,Large Yellow Flesh Nectarine,fresh fruits,produce,291
28928,Uncured Black Forest Ham,lunch meat,deli,291
37141,Dairy Free Coconut Milk Vanilla Yogurt Alternative,yogurt,dairy eggs,291
18599,Garlic Couscous,instant foods,dry goods pasta,290
5337,Monterey Jack Cheese,packaged cheese,dairy eggs,289
3849,Organic Sprouted English Muffin,breakfast bakery,bakery,289
32566,Dha Omega 3 Vitamin D Milk,milk,dairy eggs,289
24235,Honey Wheat Enriched Bread,bread,bakery,288
33572,Lactose Free 2% Reduced Fat Milk,soy lactosefree,dairy eggs,288
14858,Multigrain Pita Chips,chips pretzels,snacks,288
48104,Organic Lite Coconut Milk,soy lactosefree,dairy eggs,288
14147,Sweet Cream Salted Butter,butter,dairy eggs,287
9366,Penne Rigate in 41 Pasta,dry pasta,dry goods pasta,287
34530,Organic Chicken Thighs,packaged meat,meat seafood,287
42495,Pink Lady (Cripps) Apple,fresh fruits,produce,286
25705,Butterhead Lettuce,fresh vegetables,produce,286
26914,Bean & Cheese Burrito,frozen meals,frozen,285
43867,100% Grated Parmesan Cheese,packaged cheese,dairy eggs,285
36389,Organic Rainbow Chard Vegetable,fresh vegetables,produce,285
5550,YoBaby Peach Pear Yogurt,yogurt,dairy eggs,285
44375,Canned Aranciata Orange,soft drinks,beverages,285
42803,Organic Apple Slices,fruit vegetable snacks,snacks,284
26131,Mixed Berries Whole Milk Icelandic Style Skyr Yogurt,yogurt,dairy eggs,284
26882,Russet Potatoes,fresh vegetables,produce,283
8087,Florida Orange Juice With Calcium & Vitamin D,refrigerated,beverages,283
4006,Hazelnut Spread With Skim Milk & Cocoa,spreads,pantry,283
17862,Minced Garlic,canned jarred vegetables,canned goods,283
21463,Vanilla Bean Light Ice Cream,ice cream ice,frozen,283
46842,Plain Pre-Sliced Bagels,breakfast bakery,bakery,283
44156,Strawberry on the Bottom Nonfat Greek Yogurt,yogurt,dairy eggs,282
48857,Authentic French Brioche,breakfast bakery,bakery,282
20919,Baby Spinach Salad,packaged vegetables fruits,produce,282
16589,Plantain Chips,chips pretzels,snacks,282
8230,100% Recycled Bathroom Tissue,paper goods,household,282
22025,YoBaby Blueberry Apple Yogurt,yogurt,dairy eggs,282
311,Naturals Savory Turkey Breakfast Sausage,frozen breakfast,frozen,281
13292,Juice Beverage  Cold Pressed  Kale Apple Ginger Romaine Spinach Cucumber Celery Parsley Lemon,refrigerated,beverages,281
16145,Organic Cannellini Beans,canned meals beans,canned goods,280
40002,Strawberry Ice Cream,ice cream ice,frozen,280
46692,Multigrain Tortilla Chips,chips pretzels,snacks,280
26172,Light Sour Cream,other creams cheeses,dairy eggs,279
31805,Gourmet Tomato Medley,packaged produce,produce,279
16283,Fresh Asparagus,fresh vegetables,produce,279
5959,Four Cheese Thin Crust Pizza,frozen pizza,frozen,279
17902,Liquid Egg Whites,eggs,dairy eggs,278
15359,All Purpose Flour,baking ingredients,pantry,277
13838,Natural Free & Clear Dish Liquid,dish detergents,household,277
2962,Milk  Reduced Fat  2% Milkfat,milk,dairy eggs,277
24622,Green Cabbage,fresh vegetables,produce,277
28785,Organic Tahini,condiments,pantry,276
40268,Organic Wheat-Free & Gluten-Free Original Crackers,crackers,snacks,276
1468,Organic Peeled & Cooked Beets,packaged vegetables fruits,produce,276
5031,Medium Salsa Roja,fresh dips tapenades,deli,275
20378,Chicken Broth,soup broth bouillon,canned goods,275
33452,Fruit Punch Sports Drink,energy sports drinks,beverages,275
23579,Peanut Butter Chocolate Chip Fruit & Nut Food Bar,energy granola bars,snacks,275
22312,Organic Cherry Tomatoes,fresh vegetables,produce,274
28278,Organic Penne Rigate,dry pasta,dry goods pasta,273
28123,Organic Cut Green Beans,frozen produce,frozen,273
14870,Icelandic Style Fat Free Plain Yogurt,yogurt,dairy eggs,273
13712,Cold Brew Coffee Double Espresso with Almond Milk,soy lactosefree,dairy eggs,273
46061,Popcorn,popcorn jerky,snacks,273
20580,Original Real Vegetable Chips,chips pretzels,snacks,272
30442,Low Fat Vanilla Yogurt,yogurt,dairy eggs,272
25718,Cold Brew Coffee,coffee,beverages,272
34862,Tiny Twists Pretzels,chips pretzels,snacks,272
14651,Tommy/Kent/Keitt/Haden Mango,fresh fruits,produce,271
3999,Bosc Pear,fresh fruits,produce,271
46049,Salt & Pepper Krinkle Chips,chips pretzels,snacks,271
48595,Organic Wheat Square Crackers,crackers,snacks,270
49247,Coconut Yoghurt,yogurt,dairy eggs,270
9327,Garlic Powder,spices seasonings,pantry,270
9337,Purity Farms Ghee Clarified Butter,butter,dairy eggs,269
13802,Salted Sweet Cream Butter,butter,dairy eggs,269
12384,Organic Lactose Free 1% Lowfat Milk,soy lactosefree,dairy eggs,269
17313,Hass Avocado Variety,fresh fruits,produce,269
43014,Sliced Baby Bella Mushrooms,packaged vegetables fruits,produce,269
27690,Apple Cinnamon GoGo Squeez,fruit vegetable snacks,snacks,269
31371,Whole Wheat English Muffins,breakfast bakery,bakery,268
23233,California Sourdough Bread,bread,bakery,268
34134,Spinach Peas & Pear Stage 2 Baby Food,baby food formula,babies,268
17191,Tangerine,soft drinks,beverages,268
19389,Shredded Low-Moisture Part-Skim Mozzarella Cheese,packaged cheese,dairy eggs,268
34429,Kumato Tomatoes,fresh vegetables,produce,267
22504,Organic Mountain Forest Amber Honey,honeys syrups nectars,pantry,267
47866,Jalapeno Potato Chips,chips pretzels,snacks,267
33894,Goldfish Cheddar Baked Snack Crackers Multi Packs,crackers,snacks,266
19478,Organic Marinara Pasta Sauce,pasta sauce,dry goods pasta,266
16617,Organic Muenster Cheese Slices,packaged cheese,dairy eggs,266
13424,Almonds,candy chocolate,snacks,265
9623,Sparkling Natural Spring Water,water seltzer sparkling water,beverages,265
34137,Chocolate Sea Salt,energy granola bars,snacks,265
43394,Organic Lactose Free Whole Milk,soy lactosefree,dairy eggs,265
3481,Pineapple,fresh fruits,produce,264
48299,Baby Cut Carrots,packaged vegetables fruits,produce,264
47029,Organic Greek Nonfat Yogurt With Mixed Berries,yogurt,dairy eggs,263
3873,Mountain Spring Water,water seltzer sparkling water,beverages,263
4945,Large Pineapple Chunks,packaged vegetables fruits,produce,263
1025,Organic Fresh Basil,fresh herbs,produce,263
2716,Organic Greek Lowfat Yogurt With Strawberries,yogurt,dairy eggs,263
20520,Mild Diced Green Chiles,canned jarred vegetables,canned goods,263
20632,Mache Rosettes French Salad Mix,packaged vegetables fruits,produce,262
21497,White Sandwich Bread,bread,bakery,262
4793,Wild Berry Smoothie,yogurt,dairy eggs,262
8490,Strawberry Rhubarb Yogurt,yogurt,dairy eggs,262
6615,Mozzarella Cheese,packaged cheese,dairy eggs,262
34668,Organic Large Grade AA Omega-3 Eggs,eggs,dairy eggs,262
30949,Organic YoKids Smoothie Strawberry Banana Lowfat Yogurt,yogurt,dairy eggs,262
47526,Goat Cheese Log,packaged cheese,dairy eggs,262
49605,Classic Hummus Family Size,fresh dips tapenades,deli,261
34024,Classic Soda,soft drinks,beverages,261
38996,Grape Tomatoes,fresh vegetables,produce,261
7035,Peanut Butter Ice Cream Cup,missing,missing,261
10369,Organic Genoa Salami,lunch meat,deli,260
31720,Organic  Whole Milk,milk,dairy eggs,260
22260,Organic Rolled Oats,bulk grains rice dried goods,bulk,259
25837,Mini Babybel Light Semisoft Edam Cheeses,packaged cheese,dairy eggs,259
39657,Milk Chocolate Almonds,candy chocolate,snacks,259
8025,Uncured Beef Hot Dogs,hot dogs bacon sausage,meat seafood,259
6532,Organic YoKids Very Berry Smoothies,yogurt,dairy eggs,259
5991,Bok Choy,fresh vegetables,produce,259
3798,Pink Lady Apples,fresh fruits,produce,259
2611,Gluten Free SpongeBob Spinach Littles,baby food formula,babies,259
19125,Extra Ginger Brew Jamaican Style Ginger Beer,soft drinks,beverages,259
17807,Gluten Free Blueberry Waffles,frozen breakfast,frozen,259
12312,Lavender Hand Soap,soap,personal care,258
16290,Sparkling Clementine Juice,soft drinks,beverages,258
1117,Turkey Bacon,hot dogs bacon sausage,meat seafood,258
3397,Organic Lightly Salted Sea Salt Thin & Crispy Restaurant Style Tortilla Chips,chips pretzels,snacks,258
33493,Cotton Swabs,eye ear care,personal care,258
46650,Special Reserve Extra Sharp Cheddar Cheese,packaged cheese,dairy eggs,258
46900,Organic Chicken Noodle Soup,soup broth bouillon,canned goods,258
46226,Thick & Crispy Tortilla Chips,chips pretzels,snacks,257
37825,Organic Whole Wheat Fusilli,dry pasta,dry goods pasta,257
781,Organic Shredded Mild Cheddar,packaged cheese,dairy eggs,257
11123,Vitamin Water Zero Squeezed Lemonade,energy sports drinks,beverages,257
10814,Applewood Smoked Bacon,hot dogs bacon sausage,meat seafood,256
1695,Major Dickason's Blend Ground Coffee Dark Roast,coffee,beverages,256
3843,Organic Brussels Sprouts,fresh vegetables,produce,256
38028,White Sliced Mushrooms,packaged vegetables fruits,produce,256
29223,Golden Pineapple,fresh fruits,produce,256
25005,Organic Green Lentils,grains rice dried goods,dry goods pasta,255
10603,93% Ground Beef,meat counter,meat seafood,255
15399,Almondmilk Creamer  Vanilla,soy lactosefree,dairy eggs,255
21009,Crispy Wheat  Crackers,crackers,snacks,254
24010,Wheat Gluten Free Waffles,frozen breakfast,frozen,254
32360,Creamy Deluxe Shells & Real Aged Cheddar Sauce,instant foods,dry goods pasta,254
36107,smartwater® Electrolyte Enhanced Water,water seltzer sparkling water,beverages,254
47492,Organic Berry Blend,frozen produce,frozen,254
24097,Rotini Pasta,dry pasta,dry goods pasta,253
24535,Plain Whole Milk Yogurt,yogurt,dairy eggs,253
25272,Small Macintosh Apple,fresh fruits,produce,253
19468,Classic Yellow Mustard,condiments,pantry,253
13409,Dubliner Wedge Pre Cut Cheese,specialty cheeses,dairy eggs,253
9421,Organic Raw Multigreen Kobmbucha,refrigerated,beverages,253
8153,Plain Non-Fat Greek Yogurt,yogurt,dairy eggs,253
4796,Baby Portabella Mushrooms,fresh vegetables,produce,253
2846,Organic Green Onions,fresh vegetables,produce,253
6287,Organic & Raw Strawberry Serenity Kombucha,refrigerated,beverages,252
27020,Mandarins Bag,fresh fruits,produce,252
33716,Apple Pie Fruit & Nut Food Bar,energy granola bars,snacks,252
39097,Gluten Free White Sandwich Bread,bread,bakery,252
12078,Shredded Mexican Blend Cheese,packaged cheese,dairy eggs,251
7156,Traditional Plain Greek Yogurt,yogurt,dairy eggs,250
33290,Lemon Verbena Dish Soap,dish detergents,household,250
45570,Organic Greek Plain Nonfat Yogurt,yogurt,dairy eggs,250
36076,Everything Deli Style Pretzel Crisps Crackers,chips pretzels,snacks,249
23801,Fusilli No. 34,dry pasta,dry goods pasta,249
12745,Yogurt  Lowfat  Strawberry,yogurt,dairy eggs,249
19863,Classic Potato Chips,chips pretzels,snacks,249
13944,Pure Water,water seltzer sparkling water,beverages,248
8204,Traditional Favorites Tomato & Basil Pasta Sauce,pasta sauce,dry goods pasta,248
10831,Yobaby Organic Plain Yogurt,yogurt,dairy eggs,248
23765,Organic Smoked Turkey Breast,lunch meat,deli,248
38274,Ice Cream Sandwiches Vanilla,ice cream ice,frozen,248
35752,Hardwood SmokedCenter Cut Original Bacon,hot dogs bacon sausage,meat seafood,248
43409,Frosted Mini-Wheats Original Cereal,cereal,breakfast,247
22142,100% Pure Pumpkin,baking ingredients,pantry,247
13988,Snow Peas,fresh vegetables,produce,247
47652,Coconut Almond Minis Frozen Dessert Bars,ice cream ice,frozen,247
18434,Organic Whole Crimini Mushrooms,fresh vegetables,produce,246
8467,Cinnamon Raisin Bread,bread,bakery,246
30183,Quaker Life Cinnamon Cereal,cereal,breakfast,246
39921,Lemon Lime Soda,soft drinks,beverages,246
38544,Organic Whole Milk Strawberry Beet Berry Yogurt Pouch,yogurt,dairy eggs,245
5451,Organic Zucchini Spirals,fresh vegetables,produce,245
21614,Crackers Harvest Whole Wheat,crackers,snacks,245
16249,Lacinato Kale Og,fresh vegetables,produce,245
11352,Organic Mini Sandwich Crackers Peanut Butter,crackers,snacks,245
1360,Crunchy Peanut Butter,spreads,pantry,244
34551,Organic Cane Sugar,baking ingredients,pantry,244
37718,Blueberry Whole Milk Yogurt Pouch,yogurt,dairy eggs,243
41593,Blue Cheese Crumbles,packaged cheese,dairy eggs,243
23044,Cream Top Smooth & Creamy Vanilla Yogurt,yogurt,dairy eggs,243
34,Peanut Butter Cereal,cereal,breakfast,243
3339,Organic Russet Potato Bag,packaged vegetables fruits,produce,243
7806,Soft Pretzel Burger Buns,buns rolls,bakery,243
19156,Fat Free Blueberry Yogurt,yogurt,dairy eggs,243
6740,Organic Braeburn Apple,fresh fruits,produce,242
48812,Variety Pack,food storage,household,242
45613,Pad Thai,frozen meals,frozen,240
45013,Apple Sauce,canned fruit applesauce,canned goods,239
25952,Original Potato Chips,chips pretzels,snacks,239
25985,Chicken & Apple Smoked Chicken Sausage,hot dogs bacon sausage,meat seafood,239
31663,Vanilla Blueberry Clusters With Flax Seeds Granola,granola,breakfast,239
32156,Cranberry Juice Cocktail,juice nectars,beverages,238
27985,Smartwater Electrolyte Enhanced Water,water seltzer sparkling water,beverages,238
24082,Organic Dark Sweet Cherries,frozen produce,frozen,238
38656,Gluten Free Peanut Butter Dark Chocolate Chewy With a Crunch Granola Bars,energy granola bars,snacks,238
36127,Freshly Squeezed Orange Juice,refrigerated,beverages,238
8710,Dairy Free Coconut Milk Blueberry Yogurt Alternative,yogurt,dairy eggs,238
47229,Bag of Organic Fuji Apples,packaged vegetables fruits,produce,238
44548,Barbecue Potato Chips,chips pretzels,snacks,237
18352,Flax Plus Organic Pumpkin Flax Granola,granola,breakfast,237
33351,Light Multi-Grain English Muffins,breakfast bakery,bakery,237
33147,Organic Crimini Mushrooms,fresh vegetables,produce,237
33065,Cabernet Sauvignon,red wines,alcohol,237
29941,Red Plums,fresh fruits,produce,236
28836,Grapefruit Juice,refrigerated,beverages,236
35199,100% Apple Juice,juice nectars,beverages,236
43967,Raspberry Lemonade,refrigerated,beverages,236
8736,Synergy Organic & Raw Cosmic Cranberry,refrigerated,beverages,236
7916,Grilled Chicken Breast,prepared meals,deli,236
43735,Tomato Kumato,fresh vegetables,produce,235
40354,California Clementines,fresh fruits,produce,235
32139,Hommus Classic Original,fresh dips tapenades,deli,235
26096,Organic Gala Apples  Bag,fresh fruits,produce,235
26201,Chicken Taquitos,frozen appetizers sides,frozen,235
22089,Vitamin D Milk,milk,dairy eggs,234
29898,Organic Spaghetti Pasta,dry pasta,dry goods pasta,234
29615,Bread  Country Buttermilk,bread,bakery,234
41276,Energy Drink,energy sports drinks,beverages,234
38185,Hint of Lime Flavored Tortilla Chips,chips pretzels,snacks,234
18564,Diet Ginger Ale All Natural Soda,soft drinks,beverages,234
14332,Organic Yellow Mustard,condiments,pantry,234
13780,Thyme,fresh herbs,produce,234
14467,Sweet Baguette,bread,bakery,233
11782,Bing Cherries,fresh fruits,produce,233
8555,Sweet Potato Tortilla Chips,chips pretzels,snacks,233
1516,Organic Acai Berry Smoothie Packs,frozen produce,frozen,233
4462,Pink Lady Apple Kombucha,tea,beverages,233
39121,Organic Jasmine Rice,frozen meals,frozen,233
24850,Organic Super Fruit Punch Juice Drink,juice nectars,beverages,233
22556,All Natural Apricot Sparkling Water,water seltzer sparkling water,beverages,232
23888,Hamburger Buns,buns rolls,bakery,232
9390,Frozen Peaches,frozen produce,frozen,232
10151,Bolthouse Baby Carrots,packaged vegetables fruits,produce,232
12481,Oreo Chocolate Sandwich Cookies,cookies cakes,snacks,232
47966,Old Fashioned Rolled Oats,hot cereal pancake mixes,breakfast,232
47890,Whole White Mushrooms,packaged vegetables fruits,produce,231
46990,Ground Buffalo,packaged meat,meat seafood,231
46206,Red Grapefruit,fresh fruits,produce,231
5438,Prosciutto,lunch meat,deli,231
39041,Original Wheat Thins,crackers,snacks,231
22559,Kitchen Cheese Enchilada,frozen meals,frozen,230
31564,Crackers,crackers,snacks,230
14536,Natural Goodness 33% Less Sodium Chicken Broth,soup broth bouillon,canned goods,230
19604,Medium Scarlet Raspberries,fresh fruits,produce,230
45840,100% Pure Apple Juice,juice nectars,beverages,230
10895,Mexican Finely Shredded Cheese,packaged cheese,dairy eggs,229
31338,Classic Almond Butter,spreads,pantry,229
42731,Original Citrus Sparkling Flavored Soda,soft drinks,beverages,229
11365,Leaf Spinach,packaged produce,produce,228
12817,Original Baked Whole Grain Wheat Crackers,crackers,snacks,228
47900,Uncured  No Sugar  Hickory Smoked Bacon,hot dogs bacon sausage,meat seafood,228
44245,Honey Maid Graham Crackers,crackers,snacks,227
12572,6 OZ LA PANZANELLA CROSTINI ORIGINAL CRACKERS,crackers,snacks,227
31927,Four Cheese Pasta Sauce,pasta sauce,dry goods pasta,227
29594,YoKids Strawberry Banana/Strawberry Yogurt,yogurt,dairy eggs,227
30290,100% Recycled Bath Tissue Rolls,paper goods,household,226
33636,Organic Shells And White Cheddar,instant foods,dry goods pasta,226
19734,Classic Mix Variety,chips pretzels,snacks,226
5097,Mexican Style Taco Shredded Cheese,packaged cheese,dairy eggs,226
49098,Golden Sweet Potato,fresh vegetables,produce,226
44471,Free & Clear Unscented Baby Wipes,baby accessories,babies,225
12545,French Vanilla Coconut Milk Creamer,soy lactosefree,dairy eggs,225
13702,Good Seed Organic Thin Sliced Bread,bread,bakery,225
14267,Organic Refried Black Beans,canned meals beans,canned goods,225
41690,California Cauliflower,fresh vegetables,produce,225
30021,Distilled White Vinegar,oils vinegars,pantry,225
27196,Pure & Natural Light Sour Cream,other creams cheeses,dairy eggs,225
32578,Organic Fresh Squeezed Orange Juice,refrigerated,beverages,224
30480,Tomatoes  Whole Peeled,canned jarred vegetables,canned goods,224
39430,New Mexico Taco Skillet Sauce For Chicken,latino foods,international,224
20583,Sourdough Baguette,bread,bakery,224
5067,Original Syrup,honeys syrups nectars,pantry,224
11136,Organic Low Sodium Chicken Cooking Stock,soup broth bouillon,canned goods,224
10613,Cut & Peeled Baby Carrots,packaged vegetables fruits,produce,224
7862,Raw Shrimp,frozen meat seafood,frozen,224
46088,Beer,beers coolers,alcohol,224
10473,Half And Half Cream,cream,dairy eggs,223
26856,Organic Ezekiel 4:9 Sesame Bread,bread,bakery,223
27925,Organic Red Bartlett Pear,fresh fruits,produce,222
28597,Organic Stoneground Wheat Crackers,crackers,snacks,222
35168,Ezekiel 4:9 Sprouted Grain Tortillas,tortillas flat bread,bakery,222
22828,Sea Salt Caramel Ice Cream,ice cream ice,frozen,221
19049,Peeled Garlic,packaged vegetables fruits,produce,221
12427,Original Beef Jerky,popcorn jerky,snacks,221
21077,Cara Cara Navel Orange,fresh fruits,produce,220
23296,Blueberry on the Bottom Nonfat Greek Yogurt,yogurt,dairy eggs,220
38374,Milk and Cookies Ice Cream,ice cream ice,frozen,220
42475,Unsalted Butter Quarters,butter,dairy eggs,220
45633,Organic Beef Hot Dogs,hot dogs bacon sausage,meat seafood,220
43183,Deli Fresh Shaved Smoked Turkey Breast,lunch meat,deli,219
22952,Farfalle Pasta,dry pasta,dry goods pasta,219
32030,Extra Sharp White Cheddar,packaged cheese,dairy eggs,219
17284,Organic Sugar Snap Peas,fresh vegetables,produce,219
1217,Select-A-Size Paper Towels  White  2 Huge Rolls = 5 Regular Rolls  Towels/Napkins,paper goods,household,219
248,Dried Sweetened Cranberries,nuts seeds dried fruit,snacks,219
9550,Ancient Grain Original Granola,granola,breakfast,218
8022,Spinach Pizza,frozen pizza,frozen,218
23322,Golden Delicious Apple,fresh fruits,produce,218
37229,Bathroom Tissue Softness & Strength  Double Rolls,paper goods,household,218
33651,Harvest Cheddar Multigrain Chips,chips pretzels,snacks,218
21927,Organic Boneless Skinless Chicken Breast,poultry counter,meat seafood,217
3020,Broccoli & Apple Stage 2 Baby Food,baby food formula,babies,217
7600,Mild Chunky Salsa,preserved dips spreads,pantry,216
15649,Baby Seedless Cucumbers,fresh vegetables,produce,216
25256,Cultured Low Fat Buttermilk,milk,dairy eggs,216
34590,Pitted Dates,nuts seeds dried fruit,snacks,216
37250,Cut Green Beans,frozen produce,frozen,216
43279,Non-Fat Greek Yogurt With Strawberries on the Bottom,yogurt,dairy eggs,216
39024,Edamame In Pod,frozen produce,frozen,216
44292,Premium Unsweetened Iced Tea,tea,beverages,216
33279,Low Sodium Bacon,hot dogs bacon sausage,meat seafood,215
27179,Rising Crust Pepperoni Pizza,frozen pizza,frozen,215
18337,Classic Mild Cheddar Macaroni & Cheese,instant foods,dry goods pasta,215
18418,Ginger Ale Soda,soft drinks,beverages,215
20899,Goo Berry Pie Probugs Kefir,yogurt,dairy eggs,214
12797,Organic Whole Peeled Tomatoes,canned jarred vegetables,canned goods,214
7746,Oregano,spices seasonings,pantry,214
5750,Total Plain Greek Strained Yogurt,yogurt,dairy eggs,214
46941,Provolone Slices,packaged cheese,dairy eggs,214
48094,Crushed Tomatoes With Basil,canned jarred vegetables,canned goods,213
436,Petite Brussels Sprouts,frozen produce,frozen,213
4163,Spanish Rice Pilaf Mix,instant foods,dry goods pasta,213
13500,Mild Sliced Cheddar Cheese,packaged cheese,dairy eggs,213
19894,Enlightened Organic Raw Kombucha,refrigerated,beverages,213
18023,Organic Coconut Water,water seltzer sparkling water,beverages,213
17615,Calcium Pulp Free Orange Juice,refrigerated,beverages,213
32740,Cold-Brew Black Coffee,coffee,beverages,213
43262,Original Sauce,condiments,pantry,213
22882,Light Mozzarella String Cheese,packaged cheese,dairy eggs,212
15541,Original Almondmilk,soy lactosefree,dairy eggs,212
4781,Original Coconut Milk Creamer,soy lactosefree,dairy eggs,212
47993,Cherry Garcia Ice Cream,ice cream ice,frozen,212
49236,80% Lean Ground Beef,meat counter,meat seafood,212
48057,Hummus  Hope  Original Recipe,fresh dips tapenades,deli,211
48720,Shoestring Fries,frozen appetizers sides,frozen,211
45106,Low Fat Strawberry Yogurt Tubes,yogurt,dairy eggs,211
6347,Unsweetened Almond Milk,soy lactosefree,dairy eggs,211
10761,Organic Yokids Lemonade/Blueberry Variety Pack Yogurt Squeezers Tubes,yogurt,dairy eggs,211
20561,Brownberry 100% 12 Grain Bread,bread,bakery,211
27012,Organic Baby Spring Mix,packaged vegetables fruits,produce,211
39216,Original Multigrain Spoonfuls Cereal,cereal,breakfast,211
33647,Blue Chips Corn Tortilla Chips,chips pretzels,snacks,211
35989,Coconut Flavored Sparkling Water,water seltzer sparkling water,beverages,211
12732,Organic Ground Turkey,poultry counter,meat seafood,210
12779,Spaghetti Squash,fresh vegetables,produce,209
13536,Shredded Parmesan Cheese,packaged cheese,dairy eggs,209
15386,Whole Grain White Corn Salted Tortilla Chips,chips pretzels,snacks,209
9018,All Natural Virgin Lemonade,refrigerated,beverages,209
21955,All Natural Marinara Pasta Sauce,pasta sauce,dry goods pasta,209
26032,Dairy Free Mozarella Style Shreds,packaged cheese,dairy eggs,208
26047,Tuna Salad,prepared soups salads,deli,208
3765,Original Whole Fat Lactose Free Milk,soy lactosefree,dairy eggs,208
1263,American Cheese Slices 12 Count,packaged cheese,dairy eggs,208
19051,Pita Chips  Simply Naked  Party Size,chips pretzels,snacks,208
45364,California Veggie Burgers - 4 CT,frozen vegan vegetarian,frozen,208
44098,Appley Ever After Organic Juice Drink,juice nectars,beverages,207
1006,Philadelphia Cream Cheese,other creams cheeses,dairy eggs,207
26751,Organic Tomato Basil Sauce,pasta sauce,dry goods pasta,207
36036,Organic Orange Fruit Juice,juice nectars,beverages,207
22890,Toll House Semi-Sweet Chocolate Morsels,baking ingredients,pantry,206
1559,Cherry Pomegranate Greek Yogurt,yogurt,dairy eggs,206
49381,Zucchini Squash,fresh vegetables,produce,206
44310,Soft Pretzel Mini Buns,buns rolls,bakery,205
44795,Minneola Tangelo,fresh fruits,produce,205
2480,Organic 85% Cacao Dark Chocolate Bar,candy chocolate,snacks,205
2536,Ultra Plush 3 ply Toilet Paper 12 Double Rolls,paper goods,household,205
5994,Traditional Refried Beans,canned meals beans,canned goods,205
11941,Tortillas  Corn  Organic,tortillas flat bread,bakery,205
28986,Mild Italian Chicken Sausage,hot dogs bacon sausage,meat seafood,205
22151,Tart Cherry Yoghurt,yogurt,dairy eggs,204
20512,Original Cereal,cereal,breakfast,204
3880,Corn Maize Tortillas,tortillas flat bread,bakery,204
32211,Whole Grains Oatnut Bread,bread,bakery,203
32299,Dijon Mustard,condiments,pantry,203
37940,Original Strawberry Low Fat Yogurt,yogurt,dairy eggs,203
33232,Unsweetened Cashew Milk,soy lactosefree,dairy eggs,203
39032,Hearts Of Romaine,packaged vegetables fruits,produce,203
48287,Natural Chicken & Maple Breakfast Sausage Patty,frozen meat seafood,frozen,203
49113,Tall Kitchen Drawstring Bags,trash bags liners,household,203
43263,Crunchy Oats N' Honey Granola Bars,energy granola bars,snacks,202
44042,Premium Italian Bread,bread,bakery,202
4421,Organic Beef Uncured Hot Dogs,hot dogs bacon sausage,meat seafood,202
6182,Natural Artesian Bottled Water,water seltzer sparkling water,beverages,202
5746,Heavy Cream,cream,dairy eggs,202
1890,Organic Large Grade A Eggs,eggs,dairy eggs,201
3389,Diet Dr.Pepper Soda Pack,soft drinks,beverages,201
36186,Large Grade AA Organic Eggs,eggs,dairy eggs,201
37464,Apple Cinnamon Instant Oatmeal,hot cereal pancake mixes,breakfast,200
38510,Organic Celery Bunch,missing,missing,200
41540,Organic Whole White Mushrooms,fresh vegetables,produce,200
40136,Original Taco Seasoning Mix,spices seasonings,pantry,200
26648,Ataulfo Mango,fresh fruits,produce,200
25199,Classic Chicken Salad,prepared soups salads,deli,200
25072,Organic Cheddar Snack Mix,trail mix snack mix,snacks,200
6656,Organic California Style Sprouted Bread,bread,bakery,200
7054,Low Fat Plain Yogurt,yogurt,dairy eggs,200
18689,Dairy-Free Chive Cream Cheese,other creams cheeses,dairy eggs,200
12564,Rigatoni Pasta,dry pasta,dry goods pasta,200
12144,Gluten-Free Chicken Nuggets,frozen meat seafood,frozen,200
13225,Lowfat Milk,milk,dairy eggs,200
13885,Caramel Cookie Crunch Gelato,ice cream ice,frozen,200
15576,Uncured Beef Hot Dog,missing,missing,199
11827,Chunky Medium Salsa,preserved dips spreads,pantry,199
18339,100% Lemon Juice,juice nectars,beverages,199
19370,Roasted Tomato Salsa,preserved dips spreads,pantry,199
10753,Peanut Butter Bar,energy granola bars,snacks,199
25197,Iced Oatmeal Cookie Kid Z Bar,energy granola bars,snacks,199
25783,Lemon Lime Thirst Quencher,energy sports drinks,beverages,199
37215,100% Cranberry Juice,juice nectars,beverages,199
49111,Original Instant Oatmeal,hot cereal pancake mixes,breakfast,199
33957,Mexican Casserole Bowl,frozen meals,frozen,198
26177,Organic Honey Nut O's Cereal,cereal,breakfast,198
26324,Grass Fed Ground Beef,meat counter,meat seafood,198
31102,Sugar Free Energy Drink,energy sports drinks,beverages,198
5428,1 Liter,water seltzer sparkling water,beverages,198
20670,Organic Lentil Vegetable Soup,soup broth bouillon,canned goods,197
30340,Oatmeal Squares Brown Sugar,cereal,breakfast,197
43192,Dark with 70% Cacao Content Organic Chocolate Bar,candy chocolate,snacks,197
39046,Smok Cured Turkey Bacon,hot dogs bacon sausage,meat seafood,196
34128,Tzatziki,fresh dips tapenades,deli,196
27683,Black Beans No Salt Added,canned meals beans,canned goods,196
15950,Chik'n Nuggets,frozen vegan vegetarian,frozen,196
4778,Wheat Thins Reduced Fat Crackers,crackers,snacks,196
5819,Baby Carrots,packaged vegetables fruits,produce,196
47601,Unsalted Cultured Butter,butter,dairy eggs,196
46260,Tortilla Chips  Mexican Kitchen Style  Salted,chips pretzels,snacks,196
45866,Fig Newmans Fruit Filled Cookies,cookies cakes,snacks,195
11494,Cookie Dough Ice Cream Chocolate Chip,missing,missing,195
17419,Sprouted Whole Wheat Bread,bread,bakery,195
27801,Philadelphia Cream Cheese Spread,other creams cheeses,dairy eggs,195
31635,Vanilla Almond Milk Yogurt,yogurt,dairy eggs,195
32717,Baked Beans,canned meals beans,canned goods,195
25043,Instant Oatmeal Variety Pack,hot cereal pancake mixes,breakfast,195
24390,Pomegranate,fresh fruits,produce,195
24231,Tahitian Vanilla Bean Gelato,ice cream ice,frozen,195
40338,Leafy Green Romaine Lettuce,packaged vegetables fruits,produce,195
41570,Active Dry Yeast,baking ingredients,pantry,194
35948,Tonic Water,water seltzer sparkling water,beverages,194
24186,Slim Can Pink Grapefruit Natural Mineral Water,water seltzer sparkling water,beverages,194
32665,Organic Ezekiel 49 Bread Cinnamon Raisin,bread,bakery,194
27356,French Onion Dip,fresh dips tapenades,deli,194
13259,Organic Variety Pack,juice nectars,beverages,194
3919,Hearty Grains 100% Whole Wheat English Muffins,breakfast bakery,bakery,194
5385,Country White Bread,bread,bakery,194
3265,Mini Seedless Watermelon Pack,packaged produce,produce,194
162,Organic Mini Homestyle Waffles,frozen breakfast,frozen,194
45210,Organic Greek Lowfat Yogurt With Blueberries,yogurt,dairy eggs,194
49215,Kids Sensible Foods Broccoli Littles,baby food formula,babies,194
45965,Steel Cut Oats,hot cereal pancake mixes,breakfast,193
44303,Organic Shredded Unsweetened Coconut,baking ingredients,pantry,193
46709,Gluten Free Old Fashioned Rolled Oats,hot cereal pancake mixes,breakfast,193
4317,Solid White Albacore Tuna In Water,canned meat seafood,canned goods,193
8006,Chopped Organic Garlic,pickled goods olives,pantry,193
12087,Chicken Flavor Ramen Noodle Soup,instant foods,dry goods pasta,193
20549,Organic Orzo,dry pasta,dry goods pasta,193
36431,Hardwood Smoked Bacon,hot dogs bacon sausage,meat seafood,193
38444,Chardonnay,white wines,alcohol,193
43643,Organic Strawana Probugs Kefir,yogurt,dairy eggs,193
38419,Parsnip,fresh vegetables,produce,192
26629,Cherry Pie Fruit & Nut Bar,energy granola bars,snacks,192
16882,Baby Spring Mix,packaged vegetables fruits,produce,192
11710,Fresh Mozzarella Snacking Cheese,specialty cheeses,dairy eggs,192
9554,Mocha Almond Fudge Minis Almond Milk Frozen Dessert,ice cream ice,frozen,192
5250,Blueberry Muffin Bar,energy granola bars,snacks,192
44487,Lightly Salted Rice Cakes,crackers,snacks,192
46346,Sweet Potato Fries with Sea Salt,frozen appetizers sides,frozen,191
45190,Vodka,spirits,alcohol,191
46817,Non Fat Black Cherry on the Bottom Greek Yogurt,yogurt,dairy eggs,191
4595,Italian Dry Salame,lunch meat,deli,191
4853,Broccoli Rabe,fresh vegetables,produce,191
9203,Dairy Free Coconut Milk Raspberry Yogurt Alternative,yogurt,dairy eggs,191
23594,Medium Salsa,preserved dips spreads,pantry,191
22247,Organic Chives,fresh herbs,produce,191
27544,Lemon Verbena Hand Soap,soap,personal care,191
34335,Ruby Red Grapefruit Juice,juice nectars,beverages,191
34487,Hass Avocado Bag,fresh fruits,produce,190
41177,Sea Salt Roasted Seaweed,fruit vegetable snacks,snacks,190
31231,Vitamin Water Zero Rise Orange,energy sports drinks,beverages,190
6193,Organic Fancy Shredded Mozzarella Cheese,packaged cheese,dairy eggs,190
20113,Organic Gluten Free Buckwheat Wildberry Waffles,frozen breakfast,frozen,190
21841,Tortillas  Brown Rice,tortillas flat bread,bakery,190
13212,Ground Black Pepper,spices seasonings,pantry,189
16168,Large Organic Omega3 Brown Eggs,eggs,dairy eggs,189
8590,Ground Turkey,packaged poultry,meat seafood,189
2732,Gluten Free Pretzel Sticks,chips pretzels,snacks,189
34993,Mango Yoghurt,yogurt,dairy eggs,189
38562,Pomegranate Arils,packaged vegetables fruits,produce,189
35652,Prosciutto Di Parma,lunch meat,deli,188
33438,Rosemary & Olive Oil Quinoa Blend,grains rice dried goods,dry goods pasta,188
31268,Sandwich Bags,food storage,household,188
33081,Chicken Apple Sausage,hot dogs bacon sausage,meat seafood,188
23032,Sriracha Chili Sauce,asian foods,international,188
397,Pure Granulated Cane Sugar,baking ingredients,pantry,188
8803,Fully Husked & Trimmed Super Sweet Corn,packaged produce,produce,188
13866,Deluxe Plain Bagels,breakfast bakery,bakery,188
21783,Coconut Milk Vanilla Mini Sandwiches,ice cream ice,frozen,188
17630,YoKids Squeeze! Organic Strawberry Flavor Yogurt,yogurt,dairy eggs,188
17789,Soy Free Buttery Spread,soy lactosefree,dairy eggs,188
47087,Total 0% Blueberry Acai Greek Yogurt,yogurt,dairy eggs,188
45445,Organic Bagged Mini Dark Peanut Butter,candy chocolate,snacks,188
45061,Natural Vanilla Ice Cream,ice cream ice,frozen,187
8536,Green Leaf Shreds,packaged vegetables fruits,produce,187
6774,Brown Fertile Large Grade AA Eggs,eggs,dairy eggs,187
28682,Chocolate Peanut Butter Cup Gelato,ice cream ice,frozen,187
38312,Almond Milk Strawberry Yogurt,yogurt,dairy eggs,187
37552,Sparkling Blackberry Juice,juice nectars,beverages,187
41351,Family Size Naturally Flavored Whole Grain Oats Cereal,cereal,breakfast,187
40229,Organic Whole Wheat Penne Rigate,dry pasta,dry goods pasta,187
40001,Vanilla 0% Milkfat Yogurt,yogurt,dairy eggs,187
41165,Cheese Puffs,chips pretzels,snacks,187
41238,Parmesan Couscous Mix,instant foods,dry goods pasta,186
33845,Organic YoBaby Vanilla Yogurt,yogurt,dairy eggs,186
30850,French Roast Ground Coffee,coffee,beverages,186
24035,Coconut  Chocolate Bar,energy granola bars,snacks,186
24427,Snacks String Cheese Natural Mozzarella Cheese,packaged cheese,dairy eggs,186
25133,Organic String Cheese,packaged cheese,dairy eggs,186
9477,Medium Cheddar Cheese,packaged cheese,dairy eggs,186
44368,Fresh Mozzarella Cheese,packaged cheese,dairy eggs,186
49628,Yoghurt Blueberry,yogurt,dairy eggs,186
49517,0% Fat Free Organic Milk,milk,dairy eggs,185
44843,Traditional Chicken Noodle Soup,soup broth bouillon,canned goods,185
10768,Organic Raspberry Lowfat Yogurt,yogurt,dairy eggs,185
10492,Coconut Milk,asian foods,international,185
4792,Panda Puffs Peanut Butter Cereal,cereal,breakfast,185
14966,Organic Mandarins,fresh fruits,produce,185
26315,Organic White Corn & Wheat Tortillas,tortillas flat bread,bakery,185
32573,Pretzel Sticks,chips pretzels,snacks,185
32605,Glory's Sweet Cherry Tomatoes,fresh vegetables,produce,184
25949,Cream Top Smooth & Creamy Maple Yogurt,yogurt,dairy eggs,184
22788,Singles American Cheese Slices,packaged cheese,dairy eggs,184
35855,Unbleached All-Purpose Flour,baking ingredients,pantry,184
35633,Chocolate Peanut Butter,energy granola bars,snacks,184
21553,Lowfat 2% Milkfat Cottage Cheese,other creams cheeses,dairy eggs,184
812,Healthy Grains Oats & Honey Clusters with Toasted Coconut Gluten Free,granola,breakfast,184
8671,Semi-Sweet Chocolate Premium Baking Chips,baking ingredients,pantry,184
48370,Sensitive Toilet Paper,paper goods,household,184
48726,Organic Nonfat Greek Yogurt With Peaches,yogurt,dairy eggs,184
10106,Honey & Maple Turkey Breast,lunch meat,deli,183
14814,Gluteen Free Center Cut Applewood Smoked Uncured Bacon,hot dogs bacon sausage,meat seafood,183
